 INSERT INTO devices (DEVICE_ID, description) VALUES(1,'IPhone 4');
 INSERT INTO devices (DEVICE_ID, description) VALUES(2,'IPhone 4S');
 INSERT INTO devices (DEVICE_ID, description) VALUES(3,'IPhone 5');
 INSERT INTO devices (DEVICE_ID, description) VALUES(4,'Galaxy S3');
 INSERT INTO devices (DEVICE_ID, description) VALUES(5,'Galaxy S4');
 INSERT INTO devices (DEVICE_ID, description) VALUES(6,'Nexus 4');
 INSERT INTO devices (DEVICE_ID, description) VALUES(7,'Droid Razor');
 INSERT INTO devices (DEVICE_ID, description) VALUES(8,'Droid DNA');
 INSERT INTO devices (DEVICE_ID, description) VALUES(9,'HTC ONE');
 INSERT INTO devices (DEVICE_ID, description) VALUES(10,'IPhone 3');


 INSERT INTO testers (TESTER_ID, FIRST_NAME, LAST_NAME, country) VALUES(1, 'Miguel', 'Bautista', 'US');
 INSERT INTO testers (TESTER_ID, FIRST_NAME, LAST_NAME, country) VALUES(2, 'Michael', 'Lubavin', 'US');
 INSERT INTO testers (TESTER_ID, FIRST_NAME, LAST_NAME, country) VALUES(3, 'Leonard', 'Sutton', 'GB');
 INSERT INTO testers (TESTER_ID, FIRST_NAME, LAST_NAME, country) VALUES(4, 'Taybin', 'Rutkin', 'US');
 INSERT INTO testers (TESTER_ID, FIRST_NAME, LAST_NAME, country) VALUES(5, 'Mingquan', 'Zheng', 'JP');
 INSERT INTO testers (TESTER_ID, FIRST_NAME, LAST_NAME, country) VALUES(6, 'Stanley', 'Chen', 'GB');
 INSERT INTO testers (TESTER_ID, FIRST_NAME, LAST_NAME, country) VALUES(7, 'Lucas', 'Lowry', 'JP');
 INSERT INTO testers (TESTER_ID, FIRST_NAME, LAST_NAME, country) VALUES(8, 'Sean', 'Wellington', 'JP');
 INSERT INTO testers (TESTER_ID, FIRST_NAME, LAST_NAME, country) VALUES(9, 'Darshini', 'Thiagarajan', 'GB');

 INSERT INTO TESTERS_DEVICES (TESTER_ID, DEVICE_ID) VALUES(1,1);
 INSERT INTO TESTERS_DEVICES (TESTER_ID, DEVICE_ID) VALUES(1,2);
 INSERT INTO TESTERS_DEVICES (TESTER_ID, DEVICE_ID) VALUES(1,3);
 INSERT INTO TESTERS_DEVICES (TESTER_ID, DEVICE_ID) VALUES(1,10);
 INSERT INTO TESTERS_DEVICES (TESTER_ID, DEVICE_ID) VALUES(2,4);
 INSERT INTO TESTERS_DEVICES (TESTER_ID, DEVICE_ID) VALUES(2,5);
 INSERT INTO TESTERS_DEVICES (TESTER_ID, DEVICE_ID) VALUES(2,6);
 INSERT INTO TESTERS_DEVICES (TESTER_ID, DEVICE_ID) VALUES(2,7);
 INSERT INTO TESTERS_DEVICES (TESTER_ID, DEVICE_ID) VALUES(2,8);
 INSERT INTO TESTERS_DEVICES (TESTER_ID, DEVICE_ID) VALUES(2,9);
 INSERT INTO TESTERS_DEVICES (TESTER_ID, DEVICE_ID) VALUES(3,3);
 INSERT INTO TESTERS_DEVICES (TESTER_ID, DEVICE_ID) VALUES(3,4);
 INSERT INTO TESTERS_DEVICES (TESTER_ID, DEVICE_ID) VALUES(3,5);
 INSERT INTO TESTERS_DEVICES (TESTER_ID, DEVICE_ID) VALUES(3,6);
 INSERT INTO TESTERS_DEVICES (TESTER_ID, DEVICE_ID) VALUES(4,1);
 INSERT INTO TESTERS_DEVICES (TESTER_ID, DEVICE_ID) VALUES(4,2);
 INSERT INTO TESTERS_DEVICES (TESTER_ID, DEVICE_ID) VALUES(5,5);
 INSERT INTO TESTERS_DEVICES (TESTER_ID, DEVICE_ID) VALUES(5,6);
 INSERT INTO TESTERS_DEVICES (TESTER_ID, DEVICE_ID) VALUES(5,7);
 INSERT INTO TESTERS_DEVICES (TESTER_ID, DEVICE_ID) VALUES(5,1);
 INSERT INTO TESTERS_DEVICES (TESTER_ID, DEVICE_ID) VALUES(5,10);
 INSERT INTO TESTERS_DEVICES (TESTER_ID, DEVICE_ID) VALUES(6,3);
 INSERT INTO TESTERS_DEVICES (TESTER_ID, DEVICE_ID) VALUES(7,4);
 INSERT INTO TESTERS_DEVICES (TESTER_ID, DEVICE_ID) VALUES(7,5);
 INSERT INTO TESTERS_DEVICES (TESTER_ID, DEVICE_ID) VALUES(7,6);
 INSERT INTO TESTERS_DEVICES (TESTER_ID, DEVICE_ID) VALUES(7,7);
 INSERT INTO TESTERS_DEVICES (TESTER_ID, DEVICE_ID) VALUES(7,8);
 INSERT INTO TESTERS_DEVICES (TESTER_ID, DEVICE_ID) VALUES(8,1);
 INSERT INTO TESTERS_DEVICES (TESTER_ID, DEVICE_ID) VALUES(8,3);
 INSERT INTO TESTERS_DEVICES (TESTER_ID, DEVICE_ID) VALUES(8,6);
 INSERT INTO TESTERS_DEVICES (TESTER_ID, DEVICE_ID) VALUES(8,9);
 INSERT INTO TESTERS_DEVICES (TESTER_ID, DEVICE_ID) VALUES(8,10);
 INSERT INTO TESTERS_DEVICES (TESTER_ID, DEVICE_ID) VALUES(9,5);
 INSERT INTO TESTERS_DEVICES (TESTER_ID, DEVICE_ID) VALUES(9,6);
 INSERT INTO TESTERS_DEVICES (TESTER_ID, DEVICE_ID) VALUES(9,8);
 INSERT INTO TESTERS_DEVICES (TESTER_ID, DEVICE_ID) VALUES(9,9);